{
    "Speaker Analysis": {
        "Frequency": 4,
        "Total Duration": 5.328000000000003,
        "Interruptions Caused": 0
    },
    "Temporal Analysis": {
        "Total Duration": 5.328000000000003,
        "Segment Durations": [
            1.0210000000000008,
            2.0429999999999993,
            0.9620000000000033,
            1.3019999999999996
        ],
        "Average Duration": 1.3320000000000007,
        "Max Duration": 2.0429999999999993,
        "Min Duration": 0.9620000000000033
    }
}