{
    "Speaker Analysis": {
        "Frequency": 1,
        "Total Duration": 0.22000000000000242,
        "Interruptions Caused": 0
    },
    "Temporal Analysis": {
        "Total Duration": 0.22000000000000242,
        "Segment Durations": [
            0.22000000000000242
        ],
        "Average Duration": 0.22000000000000242,
        "Max Duration": 0.22000000000000242,
        "Min Duration": 0.22000000000000242
    }
}