{
    "Speaker Analysis": {
        "Frequency": 23,
        "Total Duration": 27.93900000000001,
        "Interruptions Caused": 0
    },
    "Temporal Analysis": {
        "Total Duration": 27.93900000000001,
        "Segment Durations": [
            0.31999999999999995,
            0.30000000000000027,
            0.1999999999999993,
            0.3600000000000003,
            2.261,
            2.5809999999999995,
            4.442,
            0.21999999999999886,
            0.33999999999999986,
            2.141000000000002,
            2.721,
            1.0210000000000008,
            0.5609999999999999,
            3.3830000000000027,
            0.8400000000000034,
            0.6000000000000014,
            2.0220000000000056,
            0.9209999999999994,
            0.3810000000000002,
            1.1820000000000022,
            0.5009999999999977,
            0.38000000000000256,
            0.2609999999999957
        ],
        "Average Duration": 1.214739130434783,
        "Max Duration": 4.442,
        "Min Duration": 0.1999999999999993
    }
}